,Region,Year Range,Gender,Annual rate of change of the migrant stock
0,Developed regions,1990-1995, Both sexes,2.28
1,Developing regions,1990-1995, Both sexes,-0.49
2,Developed regions,1995-2000, Both sexes,2.26
3,Developing regions,1995-2000, Both sexes,0.24
4,Developed regions,2000-2005, Both sexes,2.51
5,Developing regions,2000-2005, Both sexes,1.33
6,Developed regions,2005-2010, Both sexes,2.47
7,Developing regions,2005-2010, Both sexes,3.7
8,Developed regions,2010-2015, Both sexes,1.16
9,Developing regions,2010-2015, Both sexes,2.93
10,Developed regions,1990-1995, Male,2.27
11,Developing regions,1990-1995, Male,-0.45
12,Developed regions,1995-2000, Male,2.28
13,Developing regions,1995-2000, Male,0.38
14,Developed regions,2000-2005, Male,2.48
15,Developing regions,2000-2005, Male,1.69
16,Developed regions,2005-2010, Male,2.27
17,Developing regions,2005-2010, Male,4.35
18,Developed regions,2010-2015, Male,1.07
19,Developing regions,2010-2015, Male,2.93
20,Developed regions,1990-1995, Female,2.29
21,Developing regions,1990-1995, Female,-0.53
22,Developed regions,1995-2000, Female,2.25
23,Developing regions,1995-2000, Female,0.08
24,Developed regions,2000-2005, Female,2.53
25,Developing regions,2000-2005, Female,0.89
26,Developed regions,2005-2010, Female,2.66
27,Developing regions,2005-2010, Female,2.88
28,Developed regions,2010-2015, Female,1.24
29,Developing regions,2010-2015, Female,2.93
