Region,Year Range,Gender,Annual rate of change of the migrant stock
Developed regions,1990-1995, Both sexes,2.28
Developing regions,1990-1995, Both sexes,-0.49
Developed regions,1990-1995, Male,2.27
Developing regions,1990-1995, Male,-0.45
Developed regions,1990-1995, Female,2.29
Developing regions,1990-1995, Female,-0.53
Developed regions,1995-2000, Both sexes,2.26
Developing regions,1995-2000, Both sexes,0.24
Developed regions,1995-2000, Male,2.28
Developing regions,1995-2000, Male,0.38
Developed regions,1995-2000, Female,2.25
Developing regions,1995-2000, Female,0.08
Developed regions,2000-2005, Both sexes,2.51
Developing regions,2000-2005, Both sexes,1.33
Developed regions,2000-2005, Male,2.48
Developing regions,2000-2005, Male,1.69
Developed regions,2000-2005, Female,2.53
Developing regions,2000-2005, Female,0.89
Developed regions,2005-2010, Both sexes,2.47
Developing regions,2005-2010, Both sexes,3.7
Developed regions,2005-2010, Male,2.27
Developing regions,2005-2010, Male,4.35
Developed regions,2005-2010, Female,2.66
Developing regions,2005-2010, Female,2.88
Developed regions,2010-2015, Both sexes,1.16
Developing regions,2010-2015, Both sexes,2.93
Developed regions,2010-2015, Male,1.07
Developing regions,2010-2015, Male,2.93
Developed regions,2010-2015, Female,1.24
Developing regions,2010-2015, Female,2.93
