Region,Year,Gender,Migrants as a percentage of the international migrant stock
Developed regions,2015, Female,51.9
Developing regions,2015, Female,43.3
Developed regions,2010, Female,51.7
Developing regions,2010, Female,43.3
Developed regions,2005, Female,51.2
Developing regions,2005, Female,45.1
Developed regions,2000, Female,51.1
Developing regions,2000, Female,46.1
Developed regions,1995, Female,51.1
Developing regions,1995, Female,46.5
Developed regions,1990, Female,51.1
Developing regions,1990, Female,46.6
