,Region,Year,Gender,International migrant stock at mid-year
0,Developed regions,1990, Both sexes, 82378628
1,Developing regions,1990, Both sexes, 70184584
2,Developed regions,1995, Both sexes, 92306854
3,Developing regions,1995, Both sexes, 68494898
4,Developed regions,2000, Both sexes, 103375363
5,Developing regions,2000, Both sexes, 69327946
6,Developed regions,2005, Both sexes, 117181109
7,Developing regions,2005, Both sexes, 74087991
8,Developed regions,2010, Both sexes, 132560325
9,Developing regions,2010, Both sexes, 89153918
10,Developed regions,2015, Both sexes, 140481955
11,Developing regions,2015, Both sexes, 103218281
12,Developed regions,1990, Male, 40263397
13,Developing regions,1990, Male, 37484113
14,Developed regions,1995, Male, 45092799
15,Developing regions,1995, Male, 36644678
16,Developed regions,2000, Male, 50536796
17,Developing regions,2000, Male, 37348043
18,Developed regions,2005, Male, 57217777
19,Developing regions,2005, Male, 40648897
20,Developed regions,2010, Male, 64081077
21,Developing regions,2010, Male, 50532637
22,Developed regions,2015, Male, 67618619
23,Developing regions,2015, Male, 58496816
24,Developed regions,1990, Female, 42115231
25,Developing regions,1990, Female, 32700471
26,Developed regions,1995, Female, 47214055
27,Developing regions,1995, Female, 31850220
28,Developed regions,2000, Female, 52838567
29,Developing regions,2000, Female, 31979903
30,Developed regions,2005, Female, 59963332
31,Developing regions,2005, Female, 33439094
32,Developed regions,2010, Female, 68479248
33,Developing regions,2010, Female, 38621281
34,Developed regions,2015, Female, 72863336
35,Developing regions,2015, Female, 44721465
