Region,Year,Gender,Estimated refugee stock at mid-year
Developed regions,1990, Both sexes,2014564
Developing regions,1990, Both sexes,16822007
Developed regions,1995, Both sexes,3609670
Developing regions,1995, Both sexes,14244170
Developed regions,2000, Both sexes,2997256
Developing regions,2000, Both sexes,12830547
Developed regions,2005, Both sexes,2361229
Developing regions,2005, Both sexes,10915504
Developed regions,2010, Both sexes,2046917
Developing regions,2010, Both sexes,13323838
Developed regions,2015, Both sexes,1954224
Developing regions,2015, Both sexes,17623250
