,Region,Year,Gender,International migrant stock at mid-year
1,Developed regions,1990, Both sexes, 82 378 628
2,Developing regions,1990, Both sexes, 70 184 584
266,Developed regions,1995, Both sexes, 92 306 854
267,Developing regions,1995, Both sexes, 68 494 898
531,Developed regions,2000, Both sexes, 103 375 363
532,Developing regions,2000, Both sexes, 69 327 946
796,Developed regions,2005, Both sexes, 117 181 109
797,Developing regions,2005, Both sexes, 74 087 991
1061,Developed regions,2010, Both sexes, 132 560 325
1062,Developing regions,2010, Both sexes, 89 153 918
1326,Developed regions,2015, Both sexes, 140 481 955
1327,Developing regions,2015, Both sexes, 103 218 281
1591,Developed regions,1990, Male, 40 263 397
1592,Developing regions,1990, Male, 37 484 113
1856,Developed regions,1995, Male, 45 092 799
1857,Developing regions,1995, Male, 36 644 678
2121,Developed regions,2000, Male, 50 536 796
2122,Developing regions,2000, Male, 37 348 043
2386,Developed regions,2005, Male, 57 217 777
2387,Developing regions,2005, Male, 40 648 897
2651,Developed regions,2010, Male, 64 081 077
2652,Developing regions,2010, Male, 50 532 637
2916,Developed regions,2015, Male, 67 618 619
2917,Developing regions,2015, Male, 58 496 816
3181,Developed regions,1990, Female, 42 115 231
3182,Developing regions,1990, Female, 32 700 471
3446,Developed regions,1995, Female, 47 214 055
3447,Developing regions,1995, Female, 31 850 220
3711,Developed regions,2000, Female, 52 838 567
3712,Developing regions,2000, Female, 31 979 903
3976,Developed regions,2005, Female, 59 963 332
3977,Developing regions,2005, Female, 33 439 094
4241,Developed regions,2010, Female, 68 479 248
4242,Developing regions,2010, Female, 38 621 281
4506,Developed regions,2015, Female, 72 863 336
4507,Developing regions,2015, Female, 44 721 465
