,Region,Year,Gender,Estimated refugee stock at mid-year
1,Developed regions,1990, Both sexes, 2 014 564
2,Developing regions,1990, Both sexes, 16 822 007
266,Developed regions,1995, Both sexes, 3 609 670
267,Developing regions,1995, Both sexes, 14 244 170
531,Developed regions,2000, Both sexes, 2 997 256
532,Developing regions,2000, Both sexes, 12 830 547
796,Developed regions,2005, Both sexes, 2 361 229
797,Developing regions,2005, Both sexes, 10 915 504
1061,Developed regions,2010, Both sexes, 2 046 917
1062,Developing regions,2010, Both sexes, 13 323 838
1326,Developed regions,2015, Both sexes, 1 954 224
1327,Developing regions,2015, Both sexes, 17 623 250
