Region,Year,Gender,International migrant stock at mid-year
Developed regions,2015, Both sexes,140481955
Developing regions,2015, Both sexes,103218281
Developed regions,2015, Male,67618619
Developing regions,2015, Male,58496816
Developed regions,2015, Female,72863336
Developing regions,2015, Female,44721465
Developed regions,2010, Both sexes,132560325
Developing regions,2010, Both sexes,89153918
Developed regions,2010, Male,64081077
Developing regions,2010, Male,50532637
Developed regions,2010, Female,68479248
Developing regions,2010, Female,38621281
Developed regions,2005, Both sexes,117181109
Developing regions,2005, Both sexes,74087991
Developed regions,2005, Male,57217777
Developing regions,2005, Male,40648897
Developed regions,2005, Female,59963332
Developing regions,2005, Female,33439094
Developed regions,2000, Both sexes,103375363
Developing regions,2000, Both sexes,69327946
Developed regions,2000, Male,50536796
Developing regions,2000, Male,37348043
Developed regions,2000, Female,52838567
Developing regions,2000, Female,31979903
Developed regions,1995, Both sexes,92306854
Developing regions,1995, Both sexes,68494898
Developed regions,1995, Male,45092799
Developing regions,1995, Male,36644678
Developed regions,1995, Female,47214055
Developing regions,1995, Female,31850220
Developed regions,1990, Both sexes,82378628
Developing regions,1990, Both sexes,70184584
Developed regions,1990, Male,40263397
Developing regions,1990, Male,37484113
Developed regions,1990, Female,42115231
Developing regions,1990, Female,32700471
