,Region,Year,Gender,Total population at mid-year (thousands)
0,Developed regions,1990, Both sexes, 1144463
1,Developing regions,1990, Both sexes, 4165205
2,Developed regions,1995, Both sexes, 1169761
3,Developing regions,1995, Both sexes, 4565362
4,Developed regions,2000, Both sexes, 1188812
5,Developing regions,2000, Both sexes, 4937810
6,Developed regions,2005, Both sexes, 1208920
7,Developing regions,2005, Both sexes, 5310716
8,Developed regions,2010, Both sexes, 1233376
9,Developing regions,2010, Both sexes, 5696349
10,Developed regions,2015, Both sexes, 1251351
11,Developing regions,2015, Both sexes, 6098121
12,Developed regions,1990, Male,  555256
13,Developing regions,1990, Male, 2115168
14,Developed regions,1995, Male,  568268
15,Developing regions,1995, Male, 2318367
16,Developed regions,2000, Male,  578010
17,Developing regions,2000, Male, 2506527
18,Developed regions,2005, Male,  587962
19,Developing regions,2005, Male, 2697120
20,Developed regions,2010, Male,  599955
21,Developing regions,2010, Male, 2894001
22,Developed regions,2015, Male,  609297
23,Developing regions,2015, Male, 3097909
24,Developed regions,1990, Female,  589207
25,Developing regions,1990, Female, 2050037
26,Developed regions,1995, Female,  601493
27,Developing regions,1995, Female, 2246994
28,Developed regions,2000, Female,  610802
29,Developing regions,2000, Female, 2431283
30,Developed regions,2005, Female,  620957
31,Developing regions,2005, Female, 2613596
32,Developed regions,2010, Female,  633420
33,Developing regions,2010, Female, 2802348
34,Developed regions,2015, Female,  642054
35,Developing regions,2015, Female, 3000212
