,Region,International migrant stock as a percentage of the total population,Year,Gender
0,Developed regions,7.2,1990, Both sexes
1,Developing regions,1.7,1990, Both sexes
2,Developed regions,7.9,1995, Both sexes
3,Developing regions,1.5,1995, Both sexes
4,Developed regions,8.7,2000, Both sexes
5,Developing regions,1.4,2000, Both sexes
6,Developed regions,9.7,2005, Both sexes
7,Developing regions,1.4,2005, Both sexes
8,Developed regions,10.7,2010, Both sexes
9,Developing regions,1.6,2010, Both sexes
10,Developed regions,11.2,2015, Both sexes
11,Developing regions,1.7,2015, Both sexes
12,Developed regions,7.3,1990, Male
13,Developing regions,1.8,1990, Male
14,Developed regions,7.9,1995, Male
15,Developing regions,1.6,1995, Male
16,Developed regions,8.7,2000, Male
17,Developing regions,1.5,2000, Male
18,Developed regions,9.7,2005, Male
19,Developing regions,1.5,2005, Male
20,Developed regions,10.7,2010, Male
21,Developing regions,1.7,2010, Male
22,Developed regions,11.1,2015, Male
23,Developing regions,1.9,2015, Male
24,Developed regions,7.1,1990, Female
25,Developing regions,1.6,1990, Female
26,Developed regions,7.8,1995, Female
27,Developing regions,1.4,1995, Female
28,Developed regions,8.7,2000, Female
29,Developing regions,1.3,2000, Female
30,Developed regions,9.7,2005, Female
31,Developing regions,1.3,2005, Female
32,Developed regions,10.8,2010, Female
33,Developing regions,1.4,2010, Female
34,Developed regions,11.3,2015, Female
35,Developing regions,1.5,2015, Female
