,Region,Year,Gender,Migrants as a percentage of the international migrant stock
1,Developed regions,1990, Female,51.1
2,Developing regions,1990, Female,46.6
266,Developed regions,1995, Female,51.1
267,Developing regions,1995, Female,46.5
531,Developed regions,2000, Female,51.1
532,Developing regions,2000, Female,46.1
796,Developed regions,2005, Female,51.2
797,Developing regions,2005, Female,45.1
1061,Developed regions,2010, Female,51.7
1062,Developing regions,2010, Female,43.3
1326,Developed regions,2015, Female,51.9
1327,Developing regions,2015, Female,43.3
