,Region,Year Range,Gender,Annual rate of change of the migrant stock
1,Developed regions,1990-1995, Both sexes,2.28
2,Developing regions,1990-1995, Both sexes,-0.49
266,Developed regions,1995-2000, Both sexes,2.26
267,Developing regions,1995-2000, Both sexes,0.24
531,Developed regions,2000-2005, Both sexes,2.51
532,Developing regions,2000-2005, Both sexes,1.33
796,Developed regions,2005-2010, Both sexes,2.47
797,Developing regions,2005-2010, Both sexes,3.70
1061,Developed regions,2010-2015, Both sexes,1.16
1062,Developing regions,2010-2015, Both sexes,2.93
1326,Developed regions,1990-1995, Male,2.27
1327,Developing regions,1990-1995, Male,-0.45
1591,Developed regions,1995-2000, Male,2.28
1592,Developing regions,1995-2000, Male,0.38
1856,Developed regions,2000-2005, Male,2.48
1857,Developing regions,2000-2005, Male,1.69
2121,Developed regions,2005-2010, Male,2.27
2122,Developing regions,2005-2010, Male,4.35
2386,Developed regions,2010-2015, Male,1.07
2387,Developing regions,2010-2015, Male,2.93
2651,Developed regions,1990-1995, Female,2.29
2652,Developing regions,1990-1995, Female,-0.53
2916,Developed regions,1995-2000, Female,2.25
2917,Developing regions,1995-2000, Female,0.08
3181,Developed regions,2000-2005, Female,2.53
3182,Developing regions,2000-2005, Female,0.89
3446,Developed regions,2005-2010, Female,2.66
3447,Developing regions,2005-2010, Female,2.88
3711,Developed regions,2010-2015, Female,1.24
3712,Developing regions,2010-2015, Female,2.93
