,Region,Year,Gender,Estimated refugee stock at mid-year
0,Developed regions,1990, Both sexes, 2014564
1,Developing regions,1990, Both sexes, 16822007
2,Developed regions,1995, Both sexes, 3609670
3,Developing regions,1995, Both sexes, 14244170
4,Developed regions,2000, Both sexes, 2997256
5,Developing regions,2000, Both sexes, 12830547
6,Developed regions,2005, Both sexes, 2361229
7,Developing regions,2005, Both sexes, 10915504
8,Developed regions,2010, Both sexes, 2046917
9,Developing regions,2010, Both sexes, 13323838
10,Developed regions,2015, Both sexes, 1954224
11,Developing regions,2015, Both sexes, 17623250
