,Region,International migrant stock as a percentage of the total population,Year,Gender
1,Developed regions,7.2,1990, Both sexes
2,Developing regions,1.7,1990, Both sexes
266,Developed regions,7.9,1995, Both sexes
267,Developing regions,1.5,1995, Both sexes
531,Developed regions,8.7,2000, Both sexes
532,Developing regions,1.4,2000, Both sexes
796,Developed regions,9.7,2005, Both sexes
797,Developing regions,1.4,2005, Both sexes
1061,Developed regions,10.7,2010, Both sexes
1062,Developing regions,1.6,2010, Both sexes
1326,Developed regions,11.2,2015, Both sexes
1327,Developing regions,1.7,2015, Both sexes
1591,Developed regions,7.3,1990, Male
1592,Developing regions,1.8,1990, Male
1856,Developed regions,7.9,1995, Male
1857,Developing regions,1.6,1995, Male
2121,Developed regions,8.7,2000, Male
2122,Developing regions,1.5,2000, Male
2386,Developed regions,9.7,2005, Male
2387,Developing regions,1.5,2005, Male
2651,Developed regions,10.7,2010, Male
2652,Developing regions,1.7,2010, Male
2916,Developed regions,11.1,2015, Male
2917,Developing regions,1.9,2015, Male
3181,Developed regions,7.1,1990, Female
3182,Developing regions,1.6,1990, Female
3446,Developed regions,7.8,1995, Female
3447,Developing regions,1.4,1995, Female
3711,Developed regions,8.7,2000, Female
3712,Developing regions,1.3,2000, Female
3976,Developed regions,9.7,2005, Female
3977,Developing regions,1.3,2005, Female
4241,Developed regions,10.8,2010, Female
4242,Developing regions,1.4,2010, Female
4506,Developed regions,11.3,2015, Female
4507,Developing regions,1.5,2015, Female
