Region,Year,Gender,International migrant stock as a percentage of the total population
Developed regions,2015, Both sexes,11.2
Developing regions,2015, Both sexes,1.7
Developed regions,2015, Male,11.1
Developing regions,2015, Male,1.9
Developed regions,2015, Female,11.3
Developing regions,2015, Female,1.5
Developed regions,2010, Both sexes,10.7
Developing regions,2010, Both sexes,1.6
Developed regions,2010, Male,10.7
Developing regions,2010, Male,1.7
Developed regions,2010, Female,10.8
Developing regions,2010, Female,1.4
Developed regions,2005, Both sexes,9.7
Developing regions,2005, Both sexes,1.4
Developed regions,2005, Male,9.7
Developing regions,2005, Male,1.5
Developed regions,2005, Female,9.7
Developing regions,2005, Female,1.3
Developed regions,2000, Both sexes,8.7
Developing regions,2000, Both sexes,1.4
Developed regions,2000, Male,8.7
Developing regions,2000, Male,1.5
Developed regions,2000, Female,8.7
Developing regions,2000, Female,1.3
Developed regions,1995, Both sexes,7.9
Developing regions,1995, Both sexes,1.5
Developed regions,1995, Male,7.9
Developing regions,1995, Male,1.6
Developed regions,1995, Female,7.8
Developing regions,1995, Female,1.4
Developed regions,1990, Both sexes,7.2
Developing regions,1990, Both sexes,1.7
Developed regions,1990, Male,7.3
Developing regions,1990, Male,1.8
Developed regions,1990, Female,7.1
Developing regions,1990, Female,1.6
