Region,Year,Gender,Total population at mid-year (thousands)
Developed regions,2015, Both sexes,1251351
Developing regions,2015, Both sexes,6098121
Developed regions,2015, Male,609297
Developing regions,2015, Male,3097909
Developed regions,2015, Female,642054
Developing regions,2015, Female,3000212
Developed regions,2010, Both sexes,1233376
Developing regions,2010, Both sexes,5696349
Developed regions,2010, Male,599955
Developing regions,2010, Male,2894001
Developed regions,2010, Female,633420
Developing regions,2010, Female,2802348
Developed regions,2005, Both sexes,1208920
Developing regions,2005, Both sexes,5310716
Developed regions,2005, Male,587962
Developing regions,2005, Male,2697120
Developed regions,2005, Female,620957
Developing regions,2005, Female,2613596
Developed regions,2000, Both sexes,1188812
Developing regions,2000, Both sexes,4937810
Developed regions,2000, Male,578010
Developing regions,2000, Male,2506527
Developed regions,2000, Female,610802
Developing regions,2000, Female,2431283
Developed regions,1995, Both sexes,1169761
Developing regions,1995, Both sexes,4565362
Developed regions,1995, Male,568268
Developing regions,1995, Male,2318367
Developed regions,1995, Female,601493
Developing regions,1995, Female,2246994
Developed regions,1990, Both sexes,1144463
Developing regions,1990, Both sexes,4165205
Developed regions,1990, Male,555256
Developing regions,1990, Male,2115168
Developed regions,1990, Female,589207
Developing regions,1990, Female,2050037
