,Region,Year,Gender,Total population at mid-year (thousands)
1,Developed regions,1990, Both sexes, 1 144 463
2,Developing regions,1990, Both sexes, 4 165 205
266,Developed regions,1995, Both sexes, 1 169 761
267,Developing regions,1995, Both sexes, 4 565 362
531,Developed regions,2000, Both sexes, 1 188 812
532,Developing regions,2000, Both sexes, 4 937 810
796,Developed regions,2005, Both sexes, 1 208 920
797,Developing regions,2005, Both sexes, 5 310 716
1061,Developed regions,2010, Both sexes, 1 233 376
1062,Developing regions,2010, Both sexes, 5 696 349
1326,Developed regions,2015, Both sexes, 1 251 351
1327,Developing regions,2015, Both sexes, 6 098 121
1591,Developed regions,1990, Male,  555 256
1592,Developing regions,1990, Male, 2 115 168
1856,Developed regions,1995, Male,  568 268
1857,Developing regions,1995, Male, 2 318 367
2121,Developed regions,2000, Male,  578 010
2122,Developing regions,2000, Male, 2 506 527
2386,Developed regions,2005, Male,  587 962
2387,Developing regions,2005, Male, 2 697 120
2651,Developed regions,2010, Male,  599 955
2652,Developing regions,2010, Male, 2 894 001
2916,Developed regions,2015, Male,  609 297
2917,Developing regions,2015, Male, 3 097 909
3181,Developed regions,1990, Female,  589 207
3182,Developing regions,1990, Female, 2 050 037
3446,Developed regions,1995, Female,  601 493
3447,Developing regions,1995, Female, 2 246 994
3711,Developed regions,2000, Female,  610 802
3712,Developing regions,2000, Female, 2 431 283
3976,Developed regions,2005, Female,  620 957
3977,Developing regions,2005, Female, 2 613 596
4241,Developed regions,2010, Female,  633 420
4242,Developing regions,2010, Female, 2 802 348
4506,Developed regions,2015, Female,  642 054
4507,Developing regions,2015, Female, 3 000 212
